ROI,t_statistic,Cohen_d,p_value,p_fdr
WMV,1.506754621658386,0.8432212620316765,0.1322821013232607,0.16255281118138415
GMV,-1.3978709585917672,1.1936475362989116,0.16255281118138415,0.16255281118138415
sGMV,-1.6387673184243157,1.133638981698333,0.10166864265111761,0.16255281118138415
