ROI,t_statistic,Cohen_d,p_value,p_fdr
WMV,-4.685541393139969,0.5886303797776561,5.168637682118574e-06,5.168637682118574e-06
GMV,-5.298139821089062,0.5858642888578688,3.0880749585266957e-07,4.632112437790044e-07
sGMV,-9.215580430020482,1.1343184801876747,4.4766250659474875e-17,1.3429875197842463e-16
