ROI,t_statistic,Cohen_d,p_value,p_fdr
WMV,-1.4726836073418756,0.08526600146953642,0.14088927127063028,0.14088927127063028
GMV,-3.7129485787388026,0.24286556042996255,0.00020673241102453176,0.0006201972330735953
sGMV,-3.233043406360866,0.2065829280206326,0.001231471346740585,0.0018472070201108776
