ROI,t_statistic,Cohen_d,p_value,p_fdr
WMV,2.7351584484049556,-0.18077843806859967,0.006436595229448774,0.019309785688346324
GMV,0.09030764156054506,0.1657531737086722,0.9280756852652762,0.9280756852652762
sGMV,1.4993007574373984,0.0034618940545178513,0.13437042455420747,0.20155563683131122
