ROI,t_statistic,Cohen_d,p_value,p_fdr
WMV,-6.281837806611636,0.882822765503969,2.0656901196266763e-09,3.0985351794400144e-09
GMV,-5.302188822767795,0.7660384976670266,3.028656389537983e-07,3.028656389537983e-07
sGMV,-8.316120068682816,1.1676585097939964,1.4166272124706401e-14,4.2498816374119203e-14
