ROI,t_statistic,dof,Cohen_d,ci_lower,ci_upper,p_value,p_fdr
WMV,-4.221457997156299,101.0,0.6096395042111293,-56845.82835402455,-20499.850144555658,5.3156771882326946e-05,0.00010631354376465389
GMV,-4.07476405106296,101.0,0.5652665643597293,-47724.96790844783,-16471.827447436608,9.184993332873767e-05,0.00012246657777165021
sGMV,-7.2379103534049545,101.0,1.1492465859029444,-9396.397330231339,-5353.74939387589,9.121309290740047e-11,3.648523716296019e-10
meanCT2,-1.2644435692261895,101.0,0.19931487460107988,-0.04248390782813344,0.009407789007363363,0.2089809493810152,0.2089809493810152
