ROI,t_statistic,Cohen_d,p_value,p_fdr
WMV,-4.212633111554121,0.5697752690517756,3.948061038385499e-05,3.948061038385499e-05
GMV,-4.947786179875404,0.5897295718147998,1.6873156441671553e-06,2.5309734662507333e-06
sGMV,-7.992845265699328,1.04043910556542,1.409302511437016e-13,4.2279075343110483e-13
