ROI,t_statistic,Cohen_d,p_value,p_fdr
WMV,-1.748976866418502,0.09861526135952768,0.08034658817158956,0.08034658817158956
GMV,-3.429303910881087,0.22516992925972495,0.0006092405129956223,0.0014962884727412623
sGMV,-3.2928609154248596,0.20665792149439174,0.0009975256484941748,0.0014962884727412623
